channel,source_samples,anomaly_rate,value_mean,value_std,value_min,value_max,segments,sampling_mode
CADC0872,66819,0.3646567593049881,9.843981817423188e-07,2.1474224634183892e-05,-8.80224e-05,6.52107e-05,546,1
CADC0873,68289,0.32873522822123624,-1.1322484064375376e-06,2.0854219906641678e-05,-0.000101244,5.95307e-05,593,1
CADC0874,58719,0.6036206338663805,3.231948088964645e-06,2.0050667210710556e-05,-4.83365e-05,0.000100753,194,1
CADC0884,11810,0.0,0.47072114298814566,0.39137254171482555,0.0,1.5708,158,5
CADC0886,373,0.23324396782841822,0.18311104997319033,0.20546361647044128,0.0,0.72115,11,5
CADC0888,11640,0.2365979381443299,0.2654263735996564,0.33799713071588156,0.0,1.30189,252,5
CADC0890,549,0.73224043715847,0.24217790258652092,0.3273831512908677,0.0,1.16413,14,5
CADC0892,49782,0.14531356715278615,0.25458148156341653,0.33150237499695034,0.0,1.5708,211,1
CADC0894,35512,0.21198468123451228,0.11357053644373732,0.20898101054982962,0.0,1.40026,144,1
