id,simulation_id,source,destination,payload,ttl,value,sampling,channel_id,z_score,abs_z_score,delta_value,abs_delta,rolling_mean_5,rolling_std_5
MSG-0001,traffic-demo,GS-1,SAT-4,"{""packet_type"":""telemetry"",""sequence"":1,""source"":""GS-1"",""destination"":""SAT-4"",""telemetry"":{""value"":1.4305,""sampling"":200.0,""channel_id"":4,""z_score"":3.115672,""abs_z_score"":3.115672,""delta_value"":1.503519,""abs_delta"":1.503519,""rolling_mean_5"":1.642701,""rolling_std_5"":0.922543}}",30,1.4305,200.0,4,3.115672,3.115672,1.503519,1.503519,1.642701,0.922543
MSG-0002,traffic-demo,GS-1,SAT-2,"{""packet_type"":""telemetry"",""sequence"":2,""source"":""GS-1"",""destination"":""SAT-2"",""telemetry"":{""value"":-1.104855,""sampling"":100.0,""channel_id"":9,""z_score"":0.221708,""abs_z_score"":0.221708,""delta_value"":0.589986,""abs_delta"":0.589986,""rolling_mean_5"":-1.082299,""rolling_std_5"":0.325832}}",30,-1.104855,100.0,9,0.221708,0.221708,0.589986,0.589986,-1.082299,0.325832
MSG-0003,traffic-demo,GS-1,SAT-3,"{""packet_type"":""telemetry"",""sequence"":3,""source"":""GS-1"",""destination"":""SAT-3"",""telemetry"":{""value"":-0.08039,""sampling"":50.0,""channel_id"":3,""z_score"":0.704605,""abs_z_score"":0.704605,""delta_value"":0.263515,""abs_delta"":0.263515,""rolling_mean_5"":0.013302,""rolling_std_5"":0.238699}}",30,-0.08039,50.0,3,0.704605,0.704605,0.263515,0.263515,0.013302,0.238699
MSG-0004,traffic-demo,GS-1,SAT-5,"{""packet_type"":""telemetry"",""sequence"":4,""source"":""GS-1"",""destination"":""SAT-5"",""telemetry"":{""value"":-0.409739,""sampling"":100.0,""channel_id"":5,""z_score"":0.659702,""abs_z_score"":0.659702,""delta_value"":0.178112,""abs_delta"":0.178112,""rolling_mean_5"":-0.594615,""rolling_std_5"":0.118688}}",30,-0.409739,100.0,5,0.659702,0.659702,0.178112,0.178112,-0.594615,0.118688
MSG-0005,traffic-demo,GS-1,SAT-1,"{""packet_type"":""telemetry"",""sequence"":5,""source"":""GS-1"",""destination"":""SAT-1"",""telemetry"":{""value"":-0.129533,""sampling"":20.0,""channel_id"":6,""z_score"":0.377406,""abs_z_score"":0.377406,""delta_value"":-1.292787,""abs_delta"":1.292787,""rolling_mean_5"":-0.393934,""rolling_std_5"":0.492636}}",30,-0.129533,20.0,6,0.377406,0.377406,-1.292787,1.292787,-0.393934,0.492636
MSG-0006,traffic-demo,GS-1,GS-2,"{""packet_type"":""telemetry"",""sequence"":6,""source"":""GS-1"",""destination"":""GS-2"",""telemetry"":{""value"":1.406944,""sampling"":100.0,""channel_id"":7,""z_score"":1.668096,""abs_z_score"":1.668096,""delta_value"":1.91396,""abs_delta"":1.91396,""rolling_mean_5"":1.236696,""rolling_std_5"":0.636941}}",30,1.406944,100.0,7,1.668096,1.668096,1.91396,1.91396,1.236696,0.636941
MSG-0007,traffic-demo,SAT-1,SAT-4,"{""packet_type"":""telemetry"",""sequence"":7,""source"":""SAT-1"",""destination"":""SAT-4"",""telemetry"":{""value"":0.379996,""sampling"":20.0,""channel_id"":3,""z_score"":-0.691491,""abs_z_score"":0.691491,""delta_value"":-0.793687,""abs_delta"":0.793687,""rolling_mean_5"":0.093657,""rolling_std_5"":0.336423}}",30,0.379996,20.0,3,-0.691491,0.691491,-0.793687,0.793687,0.093657,0.336423
MSG-0008,traffic-demo,SAT-1,GS-2,"{""packet_type"":""telemetry"",""sequence"":8,""source"":""SAT-1"",""destination"":""GS-2"",""telemetry"":{""value"":-0.141809,""sampling"":50.0,""channel_id"":1,""z_score"":0.246282,""abs_z_score"":0.246282,""delta_value"":0.514722,""abs_delta"":0.514722,""rolling_mean_5"":-0.328084,""rolling_std_5"":0.470432}}",30,-0.141809,50.0,1,0.246282,0.246282,0.514722,0.514722,-0.328084,0.470432
MSG-0009,traffic-demo,SAT-1,SAT-3,"{""packet_type"":""telemetry"",""sequence"":9,""source"":""SAT-1"",""destination"":""SAT-3"",""telemetry"":{""value"":2.79799,""sampling"":100.0,""channel_id"":3,""z_score"":2.384124,""abs_z_score"":2.384124,""delta_value"":0.46261,""abs_delta"":0.46261,""rolling_mean_5"":2.550754,""rolling_std_5"":0.544887}}",30,2.79799,100.0,3,2.384124,2.384124,0.46261,0.46261,2.550754,0.544887
MSG-0010,traffic-demo,SAT-1,SAT-2,"{""packet_type"":""telemetry"",""sequence"":10,""source"":""SAT-1"",""destination"":""SAT-2"",""telemetry"":{""value"":0.211879,""sampling"":10.0,""channel_id"":3,""z_score"":0.304642,""abs_z_score"":0.304642,""delta_value"":0.217722,""abs_delta"":0.217722,""rolling_mean_5"":-0.019592,""rolling_std_5"":0.240216}}",30,0.211879,10.0,3,0.304642,0.304642,0.217722,0.217722,-0.019592,0.240216
MSG-0011,traffic-demo,SAT-1,SAT-5,"{""packet_type"":""telemetry"",""sequence"":11,""source"":""SAT-1"",""destination"":""SAT-5"",""telemetry"":{""value"":0.790035,""sampling"":10.0,""channel_id"":7,""z_score"":-0.188309,""abs_z_score"":0.188309,""delta_value"":-0.201017,""abs_delta"":0.201017,""rolling_mean_5"":0.59337,""rolling_std_5"":0.494879}}",30,0.790035,10.0,7,-0.188309,0.188309,-0.201017,0.201017,0.59337,0.494879
MSG-0012,traffic-demo,SAT-1,GS-1,"{""packet_type"":""telemetry"",""sequence"":12,""source"":""SAT-1"",""destination"":""GS-1"",""telemetry"":{""value"":1.640765,""sampling"":200.0,""channel_id"":6,""z_score"":2.844682,""abs_z_score"":2.844682,""delta_value"":0.792548,""abs_delta"":0.792548,""rolling_mean_5"":1.585134,""rolling_std_5"":0.593154}}",30,1.640765,200.0,6,2.844682,2.844682,0.792548,0.792548,1.585134,0.593154
MSG-0013,traffic-demo,SAT-2,SAT-5,"{""packet_type"":""telemetry"",""sequence"":13,""source"":""SAT-2"",""destination"":""SAT-5"",""telemetry"":{""value"":-0.15944,""sampling"":10.0,""channel_id"":3,""z_score"":-0.847285,""abs_z_score"":0.847285,""delta_value"":-0.303522,""abs_delta"":0.303522,""rolling_mean_5"":0.035735,""rolling_std_5"":0.421443}}",30,-0.15944,10.0,3,-0.847285,0.847285,-0.303522,0.303522,0.035735,0.421443
MSG-0014,traffic-demo,SAT-2,SAT-4,"{""packet_type"":""telemetry"",""sequence"":14,""source"":""SAT-2"",""destination"":""SAT-4"",""telemetry"":{""value"":2.837213,""sampling"":50.0,""channel_id"":5,""z_score"":3.192496,""abs_z_score"":3.192496,""delta_value"":1.53438,""abs_delta"":1.53438,""rolling_mean_5"":2.802606,""rolling_std_5"":1.133387}}",30,2.837213,50.0,5,3.192496,3.192496,1.53438,1.53438,2.802606,1.133387
MSG-0015,traffic-demo,SAT-2,GS-2,"{""packet_type"":""telemetry"",""sequence"":15,""source"":""SAT-2"",""destination"":""GS-2"",""telemetry"":{""value"":1.351805,""sampling"":100.0,""channel_id"":3,""z_score"":1.323716,""abs_z_score"":1.323716,""delta_value"":0.996395,""abs_delta"":0.996395,""rolling_mean_5"":1.235274,""rolling_std_5"":1.310524}}",30,1.351805,100.0,3,1.323716,1.323716,0.996395,0.996395,1.235274,1.310524
MSG-0016,traffic-demo,SAT-2,SAT-1,"{""packet_type"":""telemetry"",""sequence"":16,""source"":""SAT-2"",""destination"":""SAT-1"",""telemetry"":{""value"":-0.56,""sampling"":50.0,""channel_id"":4,""z_score"":-1.00552,""abs_z_score"":1.00552,""delta_value"":0.206033,""abs_delta"":0.206033,""rolling_mean_5"":-0.533444,""rolling_std_5"":0.392378}}",30,-0.56,50.0,4,-1.00552,1.00552,0.206033,0.206033,-0.533444,0.392378
MSG-0017,traffic-demo,SAT-2,SAT-3,"{""packet_type"":""telemetry"",""sequence"":17,""source"":""SAT-2"",""destination"":""SAT-3"",""telemetry"":{""value"":1.058132,""sampling"":50.0,""channel_id"":6,""z_score"":3.419259,""abs_z_score"":3.419259,""delta_value"":1.546027,""abs_delta"":1.546027,""rolling_mean_5"":1.501437,""rolling_std_5"":0.821629}}",30,1.058132,50.0,6,3.419259,3.419259,1.546027,1.546027,1.501437,0.821629
MSG-0018,traffic-demo,SAT-2,GS-1,"{""packet_type"":""telemetry"",""sequence"":18,""source"":""SAT-2"",""destination"":""GS-1"",""telemetry"":{""value"":2.951221,""sampling"":50.0,""channel_id"":6,""z_score"":1.156268,""abs_z_score"":1.156268,""delta_value"":0.895718,""abs_delta"":0.895718,""rolling_mean_5"":2.605524,""rolling_std_5"":0.992134}}",30,2.951221,50.0,6,1.156268,1.156268,0.895718,0.895718,2.605524,0.992134
MSG-0019,traffic-demo,SAT-3,GS-2,"{""packet_type"":""telemetry"",""sequence"":19,""source"":""SAT-3"",""destination"":""GS-2"",""telemetry"":{""value"":-0.203661,""sampling"":10.0,""channel_id"":2,""z_score"":-1.200173,""abs_z_score"":1.200173,""delta_value"":-1.148408,""abs_delta"":1.148408,""rolling_mean_5"":-0.154851,""rolling_std_5"":0.435796}}",30,-0.203661,10.0,2,-1.200173,1.200173,-1.148408,1.148408,-0.154851,0.435796
MSG-0020,traffic-demo,SAT-3,SAT-2,"{""packet_type"":""telemetry"",""sequence"":20,""source"":""SAT-3"",""destination"":""SAT-2"",""telemetry"":{""value"":0.431239,""sampling"":100.0,""channel_id"":6,""z_score"":0.364775,""abs_z_score"":0.364775,""delta_value"":0.220984,""abs_delta"":0.220984,""rolling_mean_5"":0.487621,""rolling_std_5"":0.042602}}",30,0.431239,100.0,6,0.364775,0.364775,0.220984,0.220984,0.487621,0.042602
MSG-0021,traffic-demo,SAT-3,GS-1,"{""packet_type"":""telemetry"",""sequence"":21,""source"":""SAT-3"",""destination"":""GS-1"",""telemetry"":{""value"":0.287358,""sampling"":10.0,""channel_id"":2,""z_score"":-0.647502,""abs_z_score"":0.647502,""delta_value"":-0.458473,""abs_delta"":0.458473,""rolling_mean_5"":0.362443,""rolling_std_5"":0.381684}}",30,0.287358,10.0,2,-0.647502,0.647502,-0.458473,0.458473,0.362443,0.381684
MSG-0022,traffic-demo,SAT-3,SAT-5,"{""packet_type"":""telemetry"",""sequence"":22,""source"":""SAT-3"",""destination"":""SAT-5"",""telemetry"":{""value"":1.710101,""sampling"":100.0,""channel_id"":4,""z_score"":2.792492,""abs_z_score"":2.792492,""delta_value"":0.925703,""abs_delta"":0.925703,""rolling_mean_5"":1.704654,""rolling_std_5"":0.998721}}",30,1.710101,100.0,4,2.792492,2.792492,0.925703,0.925703,1.704654,0.998721
MSG-0023,traffic-demo,SAT-3,SAT-4,"{""packet_type"":""telemetry"",""sequence"":23,""source"":""SAT-3"",""destination"":""SAT-4"",""telemetry"":{""value"":1.11196,""sampling"":200.0,""channel_id"":8,""z_score"":1.914166,""abs_z_score"":1.914166,""delta_value"":0.511518,""abs_delta"":0.511518,""rolling_mean_5"":1.421867,""rolling_std_5"":0.814594}}",30,1.11196,200.0,8,1.914166,1.914166,0.511518,0.511518,1.421867,0.814594
MSG-0024,traffic-demo,SAT-3,SAT-1,"{""packet_type"":""telemetry"",""sequence"":24,""source"":""SAT-3"",""destination"":""SAT-1"",""telemetry"":{""value"":-1.15022,""sampling"":10.0,""channel_id"":1,""z_score"":0.973975,""abs_z_score"":0.973975,""delta_value"":0.158713,""abs_delta"":0.158713,""rolling_mean_5"":-1.227244,""rolling_std_5"":0.470676}}",30,-1.15022,10.0,1,0.973975,0.973975,0.158713,0.158713,-1.227244,0.470676
MSG-0025,traffic-demo,SAT-4,SAT-1,"{""packet_type"":""telemetry"",""sequence"":25,""source"":""SAT-4"",""destination"":""SAT-1"",""telemetry"":{""value"":0.156295,""sampling"":20.0,""channel_id"":2,""z_score"":-0.225441,""abs_z_score"":0.225441,""delta_value"":-0.060975,""abs_delta"":0.060975,""rolling_mean_5"":0.250858,""rolling_std_5"":0.498319}}",30,0.156295,20.0,2,-0.225441,0.225441,-0.060975,0.060975,0.250858,0.498319
MSG-0026,traffic-demo,SAT-4,SAT-2,"{""packet_type"":""telemetry"",""sequence"":26,""source"":""SAT-4"",""destination"":""SAT-2"",""telemetry"":{""value"":2.79284,""sampling"":100.0,""channel_id"":9,""z_score"":2.45704,""abs_z_score"":2.45704,""delta_value"":1.800835,""abs_delta"":1.800835,""rolling_mean_5"":2.471724,""rolling_std_5"":0.650249}}",30,2.79284,100.0,9,2.45704,2.45704,1.800835,1.800835,2.471724,0.650249
MSG-0027,traffic-demo,SAT-4,SAT-3,"{""packet_type"":""telemetry"",""sequence"":27,""source"":""SAT-4"",""destination"":""SAT-3"",""telemetry"":{""value"":0.068339,""sampling"":10.0,""channel_id"":6,""z_score"":0.558315,""abs_z_score"":0.558315,""delta_value"":0.138416,""abs_delta"":0.138416,""rolling_mean_5"":0.489012,""rolling_std_5"":0.288936}}",30,0.068339,10.0,6,0.558315,0.558315,0.138416,0.138416,0.489012,0.288936
MSG-0028,traffic-demo,SAT-4,GS-2,"{""packet_type"":""telemetry"",""sequence"":28,""source"":""SAT-4"",""destination"":""GS-2"",""telemetry"":{""value"":-0.152816,""sampling"":50.0,""channel_id"":2,""z_score"":-2.030005,""abs_z_score"":2.030005,""delta_value"":-0.857865,""abs_delta"":0.857865,""rolling_mean_5"":-0.201376,""rolling_std_5"":0.310044}}",30,-0.152816,50.0,2,-2.030005,2.030005,-0.857865,0.857865,-0.201376,0.310044
MSG-0029,traffic-demo,SAT-4,SAT-5,"{""packet_type"":""telemetry"",""sequence"":29,""source"":""SAT-4"",""destination"":""SAT-5"",""telemetry"":{""value"":0.371451,""sampling"":50.0,""channel_id"":9,""z_score"":2.247523,""abs_z_score"":2.247523,""delta_value"":2.509263,""abs_delta"":2.509263,""rolling_mean_5"":0.521842,""rolling_std_5"":0.743078}}",30,0.371451,50.0,9,2.247523,2.247523,2.509263,2.509263,0.521842,0.743078
MSG-0030,traffic-demo,SAT-4,GS-1,"{""packet_type"":""telemetry"",""sequence"":30,""source"":""SAT-4"",""destination"":""GS-1"",""telemetry"":{""value"":-0.253848,""sampling"":50.0,""channel_id"":5,""z_score"":-0.684052,""abs_z_score"":0.684052,""delta_value"":-0.011629,""abs_delta"":0.011629,""rolling_mean_5"":-0.239299,""rolling_std_5"":0.357887}}",30,-0.253848,50.0,5,-0.684052,0.684052,-0.011629,0.011629,-0.239299,0.357887
MSG-0031,traffic-demo,SAT-5,SAT-1,"{""packet_type"":""telemetry"",""sequence"":31,""source"":""SAT-5"",""destination"":""SAT-1"",""telemetry"":{""value"":-0.477824,""sampling"":100.0,""channel_id"":6,""z_score"":-0.901138,""abs_z_score"":0.901138,""delta_value"":-0.151676,""abs_delta"":0.151676,""rolling_mean_5"":-0.432099,""rolling_std_5"":0.375273}}",30,-0.477824,100.0,6,-0.901138,0.901138,-0.151676,0.151676,-0.432099,0.375273
MSG-0032,traffic-demo,SAT-5,SAT-4,"{""packet_type"":""telemetry"",""sequence"":32,""source"":""SAT-5"",""destination"":""SAT-4"",""telemetry"":{""value"":0.150603,""sampling"":20.0,""channel_id"":3,""z_score"":-0.237908,""abs_z_score"":0.237908,""delta_value"":0.05617,""abs_delta"":0.05617,""rolling_mean_5"":0.544978,""rolling_std_5"":0.105216}}",30,0.150603,20.0,3,-0.237908,0.237908,0.05617,0.05617,0.544978,0.105216
MSG-0033,traffic-demo,SAT-5,GS-1,"{""packet_type"":""telemetry"",""sequence"":33,""source"":""SAT-5"",""destination"":""GS-1"",""telemetry"":{""value"":0.305748,""sampling"":10.0,""channel_id"":1,""z_score"":-0.699133,""abs_z_score"":0.699133,""delta_value"":0.458468,""abs_delta"":0.458468,""rolling_mean_5"":-0.089829,""rolling_std_5"":0.586745}}",30,0.305748,10.0,1,-0.699133,0.699133,0.458468,0.458468,-0.089829,0.586745
MSG-0034,traffic-demo,SAT-5,SAT-2,"{""packet_type"":""telemetry"",""sequence"":34,""source"":""SAT-5"",""destination"":""SAT-2"",""telemetry"":{""value"":0.18059,""sampling"":20.0,""channel_id"":3,""z_score"":0.148214,""abs_z_score"":0.148214,""delta_value"":-0.06836,""abs_delta"":0.06836,""rolling_mean_5"":-0.022126,""rolling_std_5"":0.309392}}",30,0.18059,20.0,3,0.148214,0.148214,-0.06836,0.06836,-0.022126,0.309392
MSG-0035,traffic-demo,SAT-5,SAT-3,"{""packet_type"":""telemetry"",""sequence"":35,""source"":""SAT-5"",""destination"":""SAT-3"",""telemetry"":{""value"":0.435146,""sampling"":50.0,""channel_id"":7,""z_score"":0.755595,""abs_z_score"":0.755595,""delta_value"":0.588734,""abs_delta"":0.588734,""rolling_mean_5"":0.565487,""rolling_std_5"":0.290891}}",30,0.435146,50.0,7,0.755595,0.755595,0.588734,0.588734,0.565487,0.290891
MSG-0036,traffic-demo,SAT-5,GS-2,"{""packet_type"":""telemetry"",""sequence"":36,""source"":""SAT-5"",""destination"":""GS-2"",""telemetry"":{""value"":2.081741,""sampling"":100.0,""channel_id"":8,""z_score"":3.094722,""abs_z_score"":3.094722,""delta_value"":-0.039123,""abs_delta"":0.039123,""rolling_mean_5"":2.470204,""rolling_std_5"":0.812176}}",30,2.081741,100.0,8,3.094722,3.094722,-0.039123,0.039123,2.470204,0.812176
MSG-0037,traffic-demo,GS-2,SAT-5,"{""packet_type"":""telemetry"",""sequence"":37,""source"":""GS-2"",""destination"":""SAT-5"",""telemetry"":{""value"":-1.064541,""sampling"":50.0,""channel_id"":6,""z_score"":0.413494,""abs_z_score"":0.413494,""delta_value"":-0.083006,""abs_delta"":0.083006,""rolling_mean_5"":-1.201696,""rolling_std_5"":0.406297}}",30,-1.064541,50.0,6,0.413494,0.413494,-0.083006,0.083006,-1.201696,0.406297
MSG-0038,traffic-demo,GS-2,SAT-1,"{""packet_type"":""telemetry"",""sequence"":38,""source"":""GS-2"",""destination"":""SAT-1"",""telemetry"":{""value"":1.39618,""sampling"":100.0,""channel_id"":5,""z_score"":0.27684,""abs_z_score"":0.27684,""delta_value"":1.878633,""abs_delta"":1.878633,""rolling_mean_5"":1.718702,""rolling_std_5"":1.150555}}",30,1.39618,100.0,5,0.27684,0.27684,1.878633,1.878633,1.718702,1.150555
MSG-0039,traffic-demo,GS-2,GS-1,"{""packet_type"":""telemetry"",""sequence"":39,""source"":""GS-2"",""destination"":""GS-1"",""telemetry"":{""value"":2.163515,""sampling"":200.0,""channel_id"":4,""z_score"":1.666144,""abs_z_score"":1.666144,""delta_value"":-0.273208,""abs_delta"":0.273208,""rolling_mean_5"":2.05175,""rolling_std_5"":0.736526}}",30,2.163515,200.0,4,1.666144,1.666144,-0.273208,0.273208,2.05175,0.736526
MSG-0040,traffic-demo,GS-2,SAT-4,"{""packet_type"":""telemetry"",""sequence"":40,""source"":""GS-2"",""destination"":""SAT-4"",""telemetry"":{""value"":1.509637,""sampling"":100.0,""channel_id"":7,""z_score"":2.186298,""abs_z_score"":2.186298,""delta_value"":0.863078,""abs_delta"":0.863078,""rolling_mean_5"":1.480656,""rolling_std_5"":0.99064}}",30,1.509637,100.0,7,2.186298,2.186298,0.863078,0.863078,1.480656,0.99064
MSG-0041,traffic-demo,GS-2,SAT-2,"{""packet_type"":""telemetry"",""sequence"":41,""source"":""GS-2"",""destination"":""SAT-2"",""telemetry"":{""value"":1.348463,""sampling"":50.0,""channel_id"":7,""z_score"":0.7327,""abs_z_score"":0.7327,""delta_value"":1.889803,""abs_delta"":1.889803,""rolling_mean_5"":1.151114,""rolling_std_5"":0.511968}}",30,1.348463,50.0,7,0.7327,0.7327,1.889803,1.889803,1.151114,0.511968
MSG-0042,traffic-demo,GS-2,SAT-3,"{""packet_type"":""telemetry"",""sequence"":42,""source"":""GS-2"",""destination"":""SAT-3"",""telemetry"":{""value"":0.093785,""sampling"":20.0,""channel_id"":5,""z_score"":-1.072272,""abs_z_score"":1.072272,""delta_value"":0.252747,""abs_delta"":0.252747,""rolling_mean_5"":-0.020989,""rolling_std_5"":0.231748}}",30,0.093785,20.0,5,-1.072272,1.072272,0.252747,0.252747,-0.020989,0.231748
