,value,sampling,channel_id,z_score,abs_z_score,delta_value,abs_delta,rolling_mean_5,rolling_std_5,priority
value,1.0,0.15644168607626097,0.38143412862383774,0.47837911672785227,0.3506475719500972,0.035578437398226304,0.44372001861976124,0.9927268404360494,0.5124541820821736,-0.19547875056894579
sampling,0.15644168607626097,1.0,-0.10349461043988332,0.015089718083628604,0.04664063123436437,0.0003363611899470919,0.28296415043612294,0.15684209247851905,0.33171837366664503,-0.2102252541579311
channel_id,0.38143412862383774,-0.10349461043988332,1.0,-0.00012752068043752745,-0.03628821518358192,-0.00235809002318052,0.2319314727426496,0.3832463755467542,0.25936344717148513,-0.19540880961155316
z_score,0.47837911672785227,0.015089718083628604,-0.00012752068043752745,1.0,0.2773880532118909,0.02316576948799186,0.14836720432367748,0.4726686604623756,0.1720525322185354,-0.043259319221686
abs_z_score,0.3506475719500972,0.04664063123436437,-0.03628821518358192,0.2773880532118909,1.0,0.016074781437734192,0.02726128544988089,0.34568674481693645,0.04629885755113843,-0.09755029484949736
delta_value,0.035578437398226304,0.0003363611899470919,-0.00235809002318052,0.02316576948799186,0.016074781437734192,1.0,-0.02575998799665088,-0.07085364520694647,-0.02099373098952013,0.0007121947507668344
abs_delta,0.44372001861976124,0.28296415043612294,0.2319314727426496,0.14836720432367748,0.02726128544988089,-0.02575998799665088,1.0,0.4467450855970376,0.8475346956004315,-0.10913768900413033
rolling_mean_5,0.9927268404360494,0.15684209247851905,0.3832463755467542,0.4726686604623756,0.34568674481693645,-0.07085364520694647,0.4467450855970376,1.0,0.5164618705518017,-0.1963198225895713
rolling_std_5,0.5124541820821736,0.33171837366664503,0.25936344717148513,0.1720525322185354,0.04629885755113843,-0.02099373098952013,0.8475346956004315,0.5164618705518017,1.0,-0.1319136917073219
priority,-0.19547875056894579,-0.2102252541579311,-0.19540880961155316,-0.043259319221686,-0.09755029484949736,0.0007121947507668344,-0.10913768900413033,-0.1963198225895713,-0.1319136917073219,1.0
