feature,normal_mean,normal_median,normal_std,anomaly_mean,anomaly_median,anomaly_std,mean_difference,abs_pearson_target_corr
sampling,2.124889004962131,1.0,1.798389523857295,1.3839054330529665,1.0,1.1782441978210851,-0.7409835719091646,0.2102252541579311
rolling_mean_5,0.11474698669506285,1.087601e-05,0.25819737548264476,0.021827542478052395,1.1321067799999995e-06,0.09448480765317101,-0.09291944421701046,0.1963198225895713
value,0.11477586653535346,1.8954998589998098e-05,0.2592057559433433,0.02186308570550589,2.975689433907113e-06,0.09561049700156073,-0.09291278082984757,0.19547875056894579
channel_id,3.4215647502145283,2.0,3.1107250742391894,2.1902705160263696,2.0,2.4363818460219857,-1.2312942341881588,0.19540880961155316
rolling_std_5,0.008236192868959262,1.236395981244917e-06,0.023065894355980825,0.0023438347352564178,5.433077028714533e-07,0.015269504301189282,-0.005892358133702844,0.1319136917073219
abs_delta,0.005392896682583118,2.9476134442379184e-06,0.015618228682590057,0.0017106641547829527,5.308907160733057e-07,0.016071061001550715,-0.0036822325278001652,0.10913768900413033
abs_z_score,0.8620743053589719,0.7639336417258927,0.5771383619486609,0.7446350612637439,0.6533668117197056,0.5342580368911201,-0.11743924409522799,0.09755029484949736
z_score,0.03027430882143635,-0.2475970553063605,1.0369907432857637,-0.06165133699843395,-0.1472349634940773,0.9143962394712999,-0.0919256458198703,0.043259319221686
delta_value,-1.6577684717141612e-05,-7.841289967032368e-10,0.01652308518425511,8.27068532710189e-06,-8.268530895177281e-11,0.016161848579617062,2.48483700442435e-05,0.0007121947507668344
