,count,mean,std,min,25%,50%,75%,max,missing
value,200000.0,0.08412161732006601,0.22348393515239387,-0.0081686138046581,-1.2609266437036241e-05,1.2095952078909802e-05,0.0013091863153878252,1.5723718410972904,0
sampling,200000.0,1.88042,1.6572731689048072,1.0,1.0,1.0,1.0,5.0,0
channel_id,200000.0,3.01533,2.962702968430078,0.0,1.0,2.0,7.0,8.0,0
z_score,200000.0,-5.425987568435573e-05,0.9991424592538442,-4.803178191350934,-0.7570274503330483,-0.18721491407039964,0.7265912513214738,6.154654367496055,0
abs_z_score,200000.0,0.8233281627508539,0.5660503545498469,4.877146225810205e-06,0.4294409374921019,0.7472802241169494,1.1518296848878111,6.154654367496055,0
delta_value,200000.0,-8.379586230294582e-06,0.016404747250046967,-0.8079049787713289,-1.1491492967690024e-06,-3.859960416117556e-10,1.129473618620126e-06,0.8911556920863766,0
abs_delta,200000.0,0.004178036115848648,0.015863786732367494,1.0810852752405592e-12,3.622914677236876e-07,1.1376428233280558e-06,0.0002769878377776,0.8911556920863766,0
rolling_mean_5,200000.0,0.08409053906176567,0.2225424456686402,-5.05464e-05,-5.390526e-06,6.59265e-06,4.064844e-05,1.504212,0
rolling_std_5,200000.0,0.006292156611697351,0.021002435830696407,0.0,3.4222935854808915e-07,8.578250684142858e-07,9.956943469125526e-06,0.5533122288077029,0
